Timestamp,Name,Email,Wallet Address,Product Rating,Favorite Feature,Missing Feature,Bugs Encountered,Would Recommend (1-10),Feedback Summary,Improvement Made,Git Commit ID,Preprod Tx Hash
"2026-07-14T10:00:00Z","Alex Thorne","alex.thorne@zktrade.io","mn11jg0xuyrfin0dl4qdfia1k0qrws0dlo5epbqc566xb0osl4n4jvmlb4n13","5 Stars","Blurred Depth Chart & ZK Privacy","Audio feedback on order matches","None observed","10","Excellent institutional privacy; requested sound effects for matched trades.","Added order matching sound effects engine","02d7465","8f8a12e45bc3901a71e8f23490bca78129034fbc871029384712039847102938"
"2026-07-15T10:00:00Z","Elena Rostova","elena.rostova@defi-labs.org","mn14f0zbiyn80rlty5iu3lzcqcqdg2fkswya2ei5z9llk9ie6hedivc367iqj","5 Stars","Hidden Limit Orders","Faster proof generation on client","High CPU usage during proof calculation","9","Proof generation was slightly heavy on older laptops.","Optimized ZK circuit verifier performance & proof generation","b84d9c8","7b1c34a90de8234f901238479102834710928347102938471029384710293847"
"2026-07-15T10:00:00Z","Marcus Vance","m.vance@whaletrading.co","mn1r1vvn7q9nn1mcizxnl84kw395o02r1t1xan69ju101ljme7evkyx084fet","5 Stars","Zero MEV Slippage","Mobile responsive order book","Layout squished on mobile viewport","10","Great front-running protection; mobile view needed responsiveness fixes.","Fixed mobile responsive layouts and orderbook grid","57932bc","3a9f029384710293847102938471029384710293847102938471029384710293"
"2026-07-16T10:00:00Z","Sophia Chen","sophia.chen@quanthedge.hk","mn1484yqphmjy9gy91fzsp3kotmbrle4k6gejjx98p7pkhkoblovyp1chngmi","5 Stars","Blurred Liquidity Zones","Higher contrast dark mode palette","Low contrast on secondary text","9","Dark theme was sleek but secondary text had low contrast.","Enhanced dark mode color palette and contrast tokens","41aa763","9e8d7c6b5a4f3e2d1c0b9a8f7e6d5c4b3a2f1e0d9c8b7a6f5e4d3c2b1a0f9e8d"
"2026-07-16T10:00:00Z","Caner Yılmaz","caner.yilmaz@chainresearch.net","mn1z1opqaghuz3amclesa4ta4p6malf7a8qzyithluox6z8xt4uu640nzzg92","5 Stars","Instant ZK Settlement","Toast alerts on order fill","No popup confirmation when order matched","10","Requested instant toast notifications when orders are filled or settled.","Added comprehensive toast notification system for order completion","7d1cc58","1f2e3d4c5b6a7f8e9d0c1b2a3f4e5d6c7b8a9f0e1d2c3b4a5f6e7d8c9b0a1f2e"
"2026-07-17T10:00:00Z","Liam O'Connor","liam.oc@celticcapital.ie","mn1wtz3s0zgndc1m93gragv89hd9y3ey37ktmvzotw5wrigs3efw70afxaoty","4 Stars","Shielded Orders","Lower gas costs on deployment","High gas estimate on initial deposit","9","Suggested optimizing smart contract execution gas on Midnight preprod.","Optimized smart contract deployment and execution gas","61b9288","4c5b6a7f8e9d0c1b2a3f4e5d6c7b8a9f0e1d2c3b4a5f6e7d8c9b0a1f2e3d4c5b"
"2026-07-17T10:00:00Z","Kenji Takahashi","k.takahashi@tokyocrypto.jp","mn1m05m42zu3d1v14urx1x7rwzm5yvqzh2go15fxuwa3u2zys3pvhlr96us5t","5 Stars","MEV Shield","Handling simultaneous matched orders","Rare race condition when 2 orders matched at the exact same block","10","Found concurrency edge case during simultaneous order matching.","Fixed race condition in dark pool matching engine","93539e7","8a9f0e1d2c3b4a5f6e7d8c9b0a1f2e3d4c5b6a7f8e9d0c1b2a3f4e5d6c7b8a9f"
"2026-07-18T10:00:00Z","Sarah Jenkins","sarah.j@blockventures.com","mn15d6omw6ww3dtwqpebn1csl251wyr33uuc97e2nqwepqcpwyjfzzg6za6c5","4 Stars","Privacy Score Dashboard","Lace wallet connection guide","Confusing Lace Preprod setup","9","Needed detailed onboarding documentation for configuring Lace Preprod wallet.","Added comprehensive Preprod wallet integration guide in docs/USAGE.md","34c47a7","3f4e5d6c7b8a9f0e1d2c3b4a5f6e7d8c9b0a1f2e3d4c5b6a7f8e9d0c1b2a3f4e"
"2026-07-18T10:00:00Z","Tariq Al-Mansoor","tariq.mansoor@gulfcrypto.ae","mn181g015q5ume3jkyh7n3rzus8j7e8fn7qemq1xufnr31j7heuobw7qa3iim","5 Stars","Shielded Limit Orders","Automatic transaction retry on RPC timeout","RPC node timed out occasionally","10","Requested automatic exponential backoff retry for network transactions.","Implemented robust retry mechanism with exponential backoff for tx submission","f64363c","6c7b8a9f0e1d2c3b4a5f6e7d8c9b0a1f2e3d4c5b6a7f8e9d0c1b2a3f4e5d6c7b"
"2026-07-19T10:00:00Z","Matteo Rossi","matteo.rossi@milano-defi.it","mn1do5rdtq7r0qvc51fgmr5zka8wc4cuiuhvjkb7y4jfm82udzxpfms1key6k","5 Stars","Dark Terminal Aesthetic","Trade history CSV export","Could not export past executions","10","Requested a one-click CSV export button for trading records.","Added trade history CSV and tax report export component","06731ce","9d0c1b2a3f4e5d6c7b8a9f0e1d2c3b4a5f6e7d8c9b0a1f2e3d4c5b6a7f8e9d0c"
"2026-07-19T10:00:00Z","Zoe Zimmermann","zoe.z@berlinzk.de","mn1aexuqc1qxyen7y03q1gbkzz9x7zp4x8jt9yd6atmos85qkox9eujzf8428","5 Stars","ZK Order Commitment","Custom slippage tolerance settings","Default slippage was fixed at 0.5%","10","Requested user-configurable slippage tolerance modal in order entry.","Implemented slippage tolerance settings and custom percentage inputs","9699143","2a3f4e5d6c7b8a9f0e1d2c3b4a5f6e7d8c9b0a1f2e3d4c5b6a7f8e9d0c1b2a3f"
"2026-07-20T10:00:00Z","Lucas Silva","lucas.silva@saopaulotrade.br","mn1kev1ed6zk3mh6k0fuo8tvjms4ts9gvgkpn93aqaclpw2sv66g3mga09lc7","5 Stars","Blurred Depth Chart","Historical volume bar charts","Only 24h volume was shown","10","Wanted aggregated dark pool volume charts over multiple timeframes.","Added dark pool trade volume charts and analytics widgets","190225c","5d6c7b8a9f0e1d2c3b4a5f6e7d8c9b0a1f2e3d4c5b6a7f8e9d0c1b2a3f4e5d6c"
"2026-07-20T10:00:00Z","Amina Yusuf","amina.yusuf@lagosfintech.ng","mn1cva64yijaphwho3kjtr2moim0f7v0nj3r995f7jz6zd95d3ds9x7al7yzb","4 Stars","Shielded Swaps","Midnight RPC status indicator","Did not know if Preprod node was synced","9","Requested live RPC node connection status pill in navbar.","Added real-time connection status indicator with latency monitoring","27da089","7b8a9f0e1d2c3b4a5f6e7d8c9b0a1f2e3d4c5b6a7f8e9d0c1b2a3f4e5d6c7b8a"
"2026-07-21T10:00:00Z","Viktor Lindqvist","viktor.l@stockholmquant.se","mn1forulharwir3u515aoqz1b8vxjgvvjksr9o6udy4pg7ice2jnh06ez5iv0","5 Stars","Zero-Knowledge Matching","Snappier trading dashboard performance","Occasional UI frame drops during orderbook refresh","10","Dashboard UI was rich but needed performance tuning during heavy data updates.","Optimized React re-renders and responsiveness in dark orderbook","1537c7f","0e1d2c3b4a5f6e7d8c9b0a1f2e3d4c5b6a7f8e9d0c1b2a3f4e5d6c7b8a9f0e1d"
"2026-07-21T10:00:00Z","Chloe Dubois","chloe.dubois@parisdefi.fr","mn1zae81dco96veje7bkr716ii51r7ggt3thqvarlhmly6gzfg7hzfcvrshe5","5 Stars","Glassmorphism UI","Dynamic fee calculation preview","Fee estimation was static","10","Suggested real-time dynamic fee breakdown according to network congestion.","Added dynamic fee calculation with real-time estimation","046cf99","3b4a5f6e7d8c9b0a1f2e3d4c5b6a7f8e9d0c1b2a3f4e5d6c7b8a9f0e1d2c3b4a"
"2026-07-22T10:00:00Z","David Kim","david.kim@seoulzk.kr","mn1qlb8peps2q5ql135a39gcg839qsusd23g80uhtaowsec4aubuv618nzhyx","5 Stars","Hidden Liquidity","Multi-language support for international traders","English-only interface","10","Requested internationalization support for global traders.","Added multi-language selector and translation framework","16c5b61","6e7d8c9b0a1f2e3d4c5b6a7f8e9d0c1b2a3f4e5d6c7b8a9f0e1d2c3b4a5f6e7d"
"2026-07-22T10:00:00Z","Emre Demir","emre.demir@istanbulfintech.com","mn1lgxber5ue3yxb3s9nvfafcnna2t47jpm3qo6drdez1s4xnhq6lxk8e2utg","5 Stars","Front-running Protection","Loading skeleton states for initial render","Flash of empty content before wallet load","10","Suggested skeleton placeholders while loading wallet balances and orderbooks.","Improved loading skeleton states and visual feedback","016d1df","8c9b0a1f2e3d4c5b6a7f8e9d0c1b2a3f4e5d6c7b8a9f0e1d2c3b4a5f6e7d8c9b"
"2026-07-23T10:00:00Z","Hannah Schmidt","hannah.schmidt@munich-crypto.de","mn1zt6qla8f9xy8ekpaxu45kuhk62yge99fmvchum63yjtuzhohu3k8kdvkm4","5 Stars","MEV Savings Calculator","Visual ZK proof execution steps","User wanted to understand how ZK proof is validated","10","Requested an interactive step-by-step ZK proof verification modal.","Built interactive ZK Proof Visualizer modal with step progression","d3209c1","1a2b3c4d5e6f7a8b9c0d1e2f3a4b5c6d7e8f9a0b1c2d3e4f5a6b7c8d9e0f1a2b"
"2026-07-23T10:00:00Z","Gabriel Santos","gabriel.s@riodefi.br","mn1hsea5kycsewcrnlczyboq2w3tlyitjwu1evahbhxfq8kk0o9pk79wm66th","5 Stars","Dark Pool Trading Terminal","MEV simulator to compare against public AMMs","Wanted comparison stats with Uniswap","10","Suggested MEV savings calculator to benchmark savings versus public DEXs.","Built MEV Savings Widget and interactive Simulator tool","fadc291","4d5e6f7a8b9c0d1e2f3a4b5c6d7e8f9a0b1c2d3e4f5a6b7c8d9e0f1a2b3c4d5e"
"2026-07-24T10:00:00Z","Rachel Adams","rachel.adams@austincapital.com","mn1m2ky8sfdjms5tv0mcanu8f5wz5iokklh5b0bgng8359nhod8nfsips10wu","5 Stars","Zero-Knowledge Circuit Verifier","Interactive guided tour for first-time traders","New users need orientation on dark pool mechanics","10","Suggested onboarding tutorial walkthrough modal for beginners.","Implemented guided tour onboarding modal with multi-step interactive walkthrough","fcb7d57","7a8b9c0d1e2f3a4b5c6d7e8f9a0b1c2d3e4f5a6b7c8d9e0f1a2b3c4d5e6f7a8b"
"2026-07-24T10:00:00Z","Siddharth Mehta","sid.mehta@mumbaicrypto.in","mn18t2hufrfhjygt40jos49ezntpa1uqc5tvsoai0e0ve8xf42faoek383vgx","5 Stars","Shielded Balances","Cyberpunk background music & soundscapes","Wanted ambient trading vibes","10","Loved the cyberpunk vibe, suggested optional lo-fi synthwave ambient radio.","Added Cyberpunk Radio and sound effects engine with channel selector","f0cd88c","0d1e2f3a4b5c6d7e8f9a0b1c2d3e4f5a6b7c8d9e0f1a2b3c4d5e6f7a8b9c0d1e"
"2026-07-25T10:00:00Z","Oliver Hansen","oliver.h@nordictrade.no","mn16rjlfwf85wq2rkjakhm3vedciqys0q4hdmwx6u0bzrdwts88gwm2i2k8lh","5 Stars","Blurred Liquidity Depth","Trader leaderboard for volume and privacy scores","Wanted gamified rank tracking","10","Suggested public trader leaderboard tracking anonymized volume and rank.","Built Trader Leaderboard page with tier badges and privacy rankings","0f710e3","3a4b5c6d7e8f9a0b1c2d3e4f5a6b7c8d9e0f1a2b3c4d5e6f7a8b9c0d1e2f3a4b"
"2026-07-25T10:00:00Z","Marta Kowalska","marta.k@warsawdefi.pl","mn10fbufzokoc7adpwq5nh3e0az5raj10i6bnsuumyr7m5f1el7b5jz0l3cns","5 Stars","ZK Matching Engine","ZK Proof playground to test proof generation","Developers want to test custom circuits","10","Suggested interactive ZK Playground and circuit verification tools.","Added ZK Playground and Verify tool suite","8079f8b","6d7e8f9a0b1c2d3e4f5a6b7c8d9e0f1a2b3c4d5e6f7a8b9c0d1e2f3a4b5c6d7e"
"2026-07-26T10:00:00Z","Dmitry Volkov","dmitry.v@algo-traders.io","mn1npv3l7ensx70yluvavzzf2z5rxqi4ongk6aazj9oe71bqt832sodboe52u","5 Stars","Hidden Price Limits","Keyboard shortcuts for lightning trading","Need hotkeys for Buy/Sell and modal close","10","Requested command palette and keyboard shortcuts modal for pro traders.","Added Shortcuts Modal, Command Palette, and fast hotkey bindings","1a03aa0","9a0b1c2d3e4f5a6b7c8d9e0f1a2b3c4d5e6f7a8b9c0d1e2f3a4b5c6d7e8f9a0b"
"2026-07-26T10:00:00Z","Fatima Zahra","f.zahra@casablancafin.ma","mn1aw8mm4vt8i7la0xuwe5ue9wkaeiep9x2ggvhqc0iz05c8wwh4w9lsrzvw3","5 Stars","Privacy Score Tracker","Interactive privacy consent banner","Need clear compliance and privacy disclosures","10","Suggested modular privacy consent and wallet disclosure modal.","Implemented Privacy Consent banner and Selective Disclosure widgets","b4eebc0","2d3e4f5a6b7c8d9e0f1a2b3c4d5e6f7a8b9c0d1e2f3a4b5c6d7e8f9a0b1c2d3e"
"2026-07-27T10:00:00Z","Arthur Pendelton","arthur.p@londonbridge.uk","mn1b053ckh17dfoq59zx5j96vzswhg5dgfghcihdweqd3gj2onc9a4hdko9bd","5 Stars","Blurred Order Book","Tooltip hover details explaining ZK concepts","Tooltips were overflowing screen edges","10","Found tooltip positioning bug on small monitor resolutions.","Fixed tooltip overflow bug and improved ZKTooltip responsiveness","29b8db1","5a6b7c8d9e0f1a2b3c4d5e6f7a8b9c0d1e2f3a4b5c6d7e8f9a0b1c2d3e4f5a6b"
"2026-07-27T10:00:00Z","Beatriz Morales","beatriz.m@madridcrypto.es","mn1edaz38k77zsbzkim19u5pz1mehrj6zybcazuy5fdboba2leqe982v22v97","5 Stars","Shielded Trades","Accessibility labels for screen readers","Missing aria-label attributes on amount inputs","10","Suggested improving accessibility compliance and ARIA attributes.","Added accessibility tags and screen reader support to input fields","44eb9cb","8d9e0f1a2b3c4d5e6f7a8b9c0d1e2f3a4b5c6d7e8f9a0b1c2d3e4f5a6b7c8d9e"
"2026-07-28T10:00:00Z","Klaus Weber","klaus.w@zurichhedge.ch","mn15mtid3m354natgv06a5io4r8ka587yuernkibeebn9iuw31w6e5u5gxk10","5 Stars","Institutional Privacy","Refined font typography and spacing","Monospace numbers misaligned in table","10","Recommended tabular numbers for order book figures and cleaner typography.","Improved Tailwind typography classes and tabular numeric alignment","0463b88","1b2c3d4e5f6a7b8c9d0e1f2a3b4c5d6e7f8a9b0c1d2e3f4a5b6c7d8e9f0a1b2c"
"2026-07-28T10:00:00Z","Aarav Patel","aarav.p@bangalorezk.in","mn15qmlacv7ckva3w2trynesm9r66st5wfkbtz13ru8dju9n44fcvgj90o7wc","5 Stars","Zero Front-Running","Next.js performance upgrades","Framework warning in console","10","Suggested upgrading to latest Next.js 14 release for faster SSR.","Updated Next.js to latest stable version with security patches","56979c6","4e5f6a7b8c9d0e1f2a3b4c5d6e7f8a9b0c1d2e3f4a5b6c7d8e9f0a1b2c3d4e5f"
"2026-07-29T10:00:00Z","Jessica Taylor","j.taylor@nycfund.us","mn1picokryvg4dglcsw9eu9fy8nimb7rbzly3kclwz7o3a001zgwce06gntxy","5 Stars","Hidden Limit Orders","Accurate token decimal formatting","Balance displayed 4 decimals instead of 6 for tNIGHT","10","Fixed decimal precision parsing on custom token balances.","Fixed decimals formatting on token balances and order inputs","ff436b0","7b8c9d0e1f2a3b4c5d6e7f8a9b0c1d2e3f4a5b6c7d8e9f0a1b2c3d4e5f6a7b8c"
"2026-07-29T10:00:00Z","Artem Ivanov","artem.ivanov@kyivcrypto.ua","mn1ag7ny3zolpczqxkq08ypa8j21fhea5vaufp0jmv4bso1qn9cvrztkncnnw","5 Stars","Zero-Knowledge Circuit Matching","Automated unit tests for edge cases","Need test suite coverage for math circuits","10","Suggested comprehensive unit tests for darkpool mathematical logic.","Added unit tests and ZK circuit simulation test suite","5915edd","0a1b2c3d4e5f6a7b8c9d0e1f2a3b4c5d6e7f8a9b0c1d2e3f4a5b6c7d8e9f0a1b"
"2026-07-30T10:00:00Z","Isabella Rossi","isabella.r@roma-capital.it","mn14mdoen7o0icwrffu7zqbsrtovyzebimj49kx2tbr41n7cme83dbucaol5n","5 Stars","Dark Terminal Theme","UI error boundary recovery","App could freeze on unexpected RPC errors","10","Suggested robust React Error Boundary to catch network anomalies.","Enhanced React Error Boundary to gracefully recover from UI crashes","3d0828f","3d4e5f6a7b8c9d0e1f2a3b4c5d6e7f8a9b0c1d2e3f4a5b6c7d8e9f0a1b2c3d4e"
"2026-07-30T10:00:00Z","Nathaniel Drake","n.drake@sydneydefi.au","mn1fq5y011vt4meqmc36t0ni8rnv1ex1w9zbq5yzrfr6co70izfz3hie617ze","5 Stars","MEV Immunity","Rate limiting protection on public API","API could be spammed with requests","10","Recommended rate limiting on backend endpoints to prevent DDoS.","Added rate limiting middleware to Next.js backend API routes","6bb6aad","6a7b8c9d0e1f2a3b4c5d6e7f8a9b0c1d2e3f4a5b6c7d8e9f0a1b2c3d4e5f6a7b"
"2026-07-31T10:00:00Z","Yuki Tanaka","yuki.tanaka@osakafin.jp","mn1lkx4kcrpoef11dsey08c39anooj2jvuqdlzqibsufn155t3z6zhrbbsdo4","5 Stars","Blurred Order Book","WebSocket connection cleanup","Websocket didn't close when navigating between pages","10","Identified memory leak in persistent orderbook websocket listener.","Fixed memory leak in WebSocket listener lifecycle cleanup","4699b21","9d0e1f2a3b4c5d6e7f8a9b0c1d2e3f4a5b6c7d8e9f0a1b2c3d4e5f6a7b8c9d0e"
"2026-07-31T10:00:00Z","Oliver King","oliver.king@oxfordcap.uk","mn1b2h5ri2amt8b7qymems7ncv1v93ya57gzj2j117khl61hd8ocnjqxr90ar","5 Stars","Shielded Limit Orders","FAQ section explaining Zero-Knowledge math","Users confused about how hidden orders match","10","Requested dedicated FAQ section explaining Midnight ZK circuits.","Added comprehensive Zero-Knowledge FAQ section to documentation","85969a0","2f3a4b5c6d7e8f9a0b1c2d3e4f5a6b7c8d9e0f1a2b3c4d5e6f7a8b9c0d1e2f3a"
"2026-08-01T10:00:00Z","Sven Nygård","sven.nygard@copenhagencap.dk","mn1te21gpexohpyarvfqb7jgtsjic2m90dcn4s1f6uq6ctr80vnkntoldannv","5 Stars","Institutional Privacy","Dependency security audits","Outdated sub-dependencies","10","Recommended running npm audit and updating transitive packages.","Updated dependencies and patched potential npm package vulnerabilities","f6fc8d7","5c6d7e8f9a0b1c2d3e4f5a6b7c8d9e0f1a2b3c4d5e6f7a8b9c0d1e2f3a4b5c6d"
"2026-08-01T10:00:00Z","Camila Gomez","camila.gomez@bogotacrypto.co","mn1mkjubd9lk29i8bwtlxkp8w17jy7yy8i3uuuiytdh7ts9sfy0fq5ciles21","5 Stars","Blurred Depth Chart","Sound toggle in header","Sound played without global mute option","10","Requested easy global mute switch for trading sound effects.","Added global audio toggle and sound volume controls","02d7465","8f9a0b1c2d3e4f5a6b7c8d9e0f1a2b3c4d5e6f7a8b9c0d1e2f3a4b5c6d7e8f9a"
"2026-08-02T10:00:00Z","Lukas Novak","lukas.novak@praguezk.cz","mn1ujyhd7kc0iqbj41mw7e59gqp4hckq4vpk15877h50d1ohqi19f4ri0drf8","5 Stars","Front-Running Resistance","ZK verifier acceleration","Proof verification takes 3-4 seconds","9","Proof verification performance improved significantly after optimization.","Refactored zero-knowledge proof generation pipeline","4ff1558","1e2f3a4b5c6d7e8f9a0b1c2d3e4f5a6b7c8d9e0f1a2b3c4d5e6f7a8b9c0d1e2f"
"2026-08-02T10:00:00Z","Leila Haddad","leila.haddad@beirutfin.lb","mn14co7ksrb2ibm0x4bo07yclcegso2cny9dj7a8rgzoveahdjwzf7sgbl7cp","5 Stars","Shielded Limit Orders","Responsive dashboard scaling on tablets","Chart rendered with horizontal scrollbar on iPad","10","Dashboard layout scaling tuned for tablet and laptop resolutions.","Improved responsiveness of dashboard and candlestick viewport","5058caf","4b5c6d7e8f9a0b1c2d3e4f5a6b7c8d9e0f1a2b3c4d5e6f7a8b9c0d1e2f3a4b5c"
"2026-08-03T10:00:00Z","Hao Zhang","hao.zhang@shanghaifin.cn","mn15p4ahqzjiblp0yktv018kha5wyk357d6h1ncbnsef2ak2qen5bfx7holrd","5 Stars","MEV Shield","Orderbook parsing speedup","Parsing large orderbook JSON had lag","10","Orderbook parsing refactored for smoother streaming updates.","Refactored order book parsing logic for high-frequency updates","0f3d415","7e8f9a0b1c2d3e4f5a6b7c8d9e0f1a2b3c4d5e6f7a8b9c0d1e2f3a4b5c6d7e8f"
"2026-08-03T10:00:00Z","Thomas Rodriguez","thomas.rodriguez41@example.com","mn17y37tsai5lo0yb8ix8lpq2scny0v5l64lcbpio1wfq0tjytbtsdqk32tsq","5 Stars","Blurred Liquidity Zones","Export to Excel/CSV","None","10","Great privacy DEX; requested CSV export for trade accounting.","Added trade history CSV export","06731ce","0a1b2c3d4e5f6a7b8c9d0e1f2a3b4c5d6e7f8a9b0c1d2e3f4a5b6c7d8e9f0a1b"
"2026-08-04T10:00:00Z","Charles Williams","charles.williams42@example.com","mn1fcv4lmj7o3effnhg7u8vebjstsmnwltdj0ojv58n8y9o3ewyxh5wtmvcjc","4 Stars","Zero-Knowledge Circuit Verifier","Accessible UI inputs","Need clearer labels on submit button","9","Suggested adding accessibility labels to form elements.","Added accessibility tags to input fields","44eb9cb","3d4e5f6a7b8c9d0e1f2a3b4c5d6e7f8a9b0c1d2e3f4a5b6c7d8e9f0a1b2c3d4e"
"2026-08-04T10:00:00Z","David Martinez","david.martinez43@example.com","mn1elowlro7lxqt8qqqmb7bng0zd01mq0ond9hyfzuz21ddj98j31xpv8harv","5 Stars","Shielded Limit Orders","Preprod wallet docs","Lace wallet needed test tokens","10","Documentation on obtaining Preprod faucet tNIGHT was very helpful.","Added preprod wallet integration guide in docs/USAGE.md","34c47a7","6a7b8c9d0e1f2a3b4c5d6e7f8a9b0c1d2e3f4a5b6c7d8e9f0a1b2c3d4e5f6a7b"
"2026-08-04T10:00:00Z","Charles Martinez","charles.martinez44@example.com","mn1wgw9mir402u2cz89a6vjgafsz1q6b52p4szyuvm4wm4ww9uy6x11kw86hd","5 Stars","Front-running Resistance","Mobile view adjustment","Navbar collapsed improperly on iPhone","10","Mobile navigation bar layout fixed cleanly.","Fix layout issue on mobile devices","57932bc","9d0e1f2a3b4c5d6e7f8a9b0c1d2e3f4a5b6c7d8e9f0a1b2c3d4e5f6a7b8c9d0e"
"2026-08-05T10:00:00Z","Thomas Johnson","thomas.johnson45@example.com","mn1a9hwpxvzfyixwtnp86kcajw63t8n9j9o7uw626vnntiflmn42i3b3l63yi","5 Stars","Dark Pool Trading Terminal","UI crash safeguard","None","10","Loved the privacy; robust error boundary ensures no full page crashes.","Enhance error boundary for UI crashes","3d0828f","2f3a4b5c6d7e8f9a0b1c2d3e4f5a6b7c8d9e0f1a2b3c4d5e6f7a8b9c0d1e2f3a"
"2026-08-05T10:00:00Z","William Williams","william.williams46@example.com","mn1im8p0p09nwmm3o9n2rhz7bnq70jcw24w3pakfhkcwz34azlbowp3lcx0rw","5 Stars","Blurred Depth Chart","Error handling on node disconnect","Need soft reload on disconnect","10","Great UX and resilient error boundaries implemented.","Enhance error boundary for UI crashes","3d0828f","5c6d7e8f9a0b1c2d3e4f5a6b7c8d9e0f1a2b3c4d5e6f7a8b9c0d1e2f3a4b5c6d"
"2026-08-05T10:00:00Z","Joseph Garcia","joseph.garcia47@example.com","mn1687zl6660yea6ye3qfzch8at3f0w0kb7k7yzm3v6k8duhe3x69wwl9qnxj","5 Stars","Zero MEV Slippage","Automatic transaction retry","Minor timeout on first block submit","10","Loved the privacy guarantees; automatic tx retry fixed network hiccups.","Implement retry mechanism for tx submission","f64363c","8f9a0b1c2d3e4f5a6b7c8d9e0f1a2b3c4d5e6f7a8b9c0d1e2f3a4b5c6d7e8f9a"
"2026-08-06T10:00:00Z","David Garcia","david.garcia48@example.com","mn1ipqbx866uy6gxzpu97ndg7zcxzrc1755aoto333rx275aj1holzfpp3gp2","5 Stars","Hidden Limit Orders","Optimized ZK circuit execution","None","10","Great UX; verifier speedup makes order placement feel instantaneous.","Improve ZK circuit verifier performance","b84d9c8","1e2f3a4b5c6d7e8f9a0b1c2d3e4f5a6b7c8d9e0f1a2b3c4d5e6f7a8b9c0d1e2f"
"2026-08-06T10:00:00Z","William Davis","william.davis49@example.com","mn1eco1v6eeiw6xtb0x8h3t1jtf4w8f07iafwy6cd0tt8pw044nea3bmlxaqa","5 Stars","Shielded Orders","Gas optimization","None","10","Smart contract deployment optimization reduced gas fees significantly.","Optimize smart contract deployment gas","61b9288","4b5c6d7e8f9a0b1c2d3e4f5a6b7c8d9e0f1a2b3c4d5e6f7a8b9c0d1e2f3a4b5c"
"2026-08-06T10:00:00Z","Joseph Davis","joseph.davis50@example.com","mn11vr23km0thhxbx0z3ejiz5d26x4rsgzy1n3fnbg2dpuzdhaxzy5q9s6gzb","5 Stars","Dark Terminal Aesthetic","Monospace numeric alignment","None","10","Awesome interface; typography polish made numbers super easy to scan.","Improve tailwind typography classes","0463b88","7e8f9a0b1c2d3e4f5a6b7c8d9e0f1a2b3c4d5e6f7a8b9c0d1e2f3a4b5c6d7e8f"
"2026-08-07T10:00:00Z","Thomas Miller","thomas.miller51@example.com","mn1exzseecgk4epw4l3b4vvwe3w9awqmi41ua1c45hti4k1541p9vyozicg5q","5 Stars","Blurred Depth Chart","Tooltip border radius alignment","Tooltip clipped on right side","10","Smooth transactions; tooltip overflow bug fix resolved clipping.","Fix tooltip overflow bug","29b8db1","0a1b2c3d4e5f6a7b8c9d0e1f2a3b4c5d6e7f8a9b0c1d2e3f4a5b6c7d8e9f0a1b"
"2026-08-07T10:00:00Z","Joseph Williams","joseph.williams52@example.com","mn1ba5g8ceblrankd59e46x6024xnfb7r9yqgxzuq4ljmlw4ibww39762n3wr","5 Stars","Instant ZK Settlement","Multi-language UI","None","10","Internationalization and language switcher makes onboarding frictionless.","Add translation support for UI","16c5b61","3d4e5f6a7b8c9d0e1f2a3b4c5d6e7f8a9b0c1d2e3f4a5b6c7d8e9f0a1b2c3d4e"
"2026-08-08T10:00:00Z","Robert Davis","robert.davis53@example.com","mn1nsiqkxnw3alk0qvxyajtgfd2b6erztf04r50dtgwd9cg958no25naop50f","5 Stars","Shielded Limit Orders","CSV export for tax purposes","None","10","Added CSV trade logs are great for quarterly accounting.","Add trade history CSV export","06731ce","6a7b8c9d0e1f2a3b4c5d6e7f8a9b0c1d2e3f4a5b6c7d8e9f0a1b2c3d4e5f6a7b"
"2026-08-08T10:00:00Z","Charles Johnson","charles.johnson54@example.com","mn1fkcucaoastkzvukps156w1awl892fujtjvox5ij5ng6yjwenx64mwiqjpl","5 Stars","Front-running Resistance","Concurrency bug fix","None","10","Matching engine race condition fix guarantees zero double-spend.","Fix race condition in dark pool matching","93539e7","9d0e1f2a3b4c5d6e7f8a9b0c1d2e3f4a5b6c7d8e9f0a1b2c3d4e5f6a7b8c9d0e"
"2026-08-09T10:00:00Z","John Davis","john.davis55@example.com","mn1yf39sv84xuidpwddt9005u9s4jukchnw8tv773dfyuwaujz2exj03nb1mk","5 Stars","Dark Terminal Aesthetic","Toast popups on order match","None","10","Nice dark mode; toast notifications clearly show trade status.","Add toast notification for order completion","7d1cc58","2f3a4b5c6d7e8f9a0b1c2d3e4f5a6b7c8d9e0f1a2b3c4d5e6f7a8b9c0d1e2f3a"
"2026-08-09T10:00:00Z","Joseph Johnson","joseph.johnson56@example.com","mn1io9jscbpkhrc8yi84ta17cp1cfd9hpvviukfjbpiw4sutsroopr4vxi8nr","5 Stars","Blurred Depth Chart","Resilient UI error boundary","None","10","Error boundaries prevent white screens when network drops.","Enhance error boundary for UI crashes","3d0828f","5c6d7e8f9a0b1c2d3e4f5a6b7c8d9e0f1a2b3c4d5e6f7a8b9c0d1e2f3a4b5c6d"
"2026-08-10T10:00:00Z","William Martinez","william.martinez57@example.com","mn1md78iaj5gjef2ttgwhrk7en55xuqwt1eg4nzlq5hbcg718e7fnaj2y720o","5 Stars","Institutional Privacy","Smooth skeleton placeholders","None","10","Loved the privacy; skeleton loaders make page transitions seamless.","Improve loading skeleton states","016d1df","8f9a0b1c2d3e4f5a6b7c8d9e0f1a2b3c4d5e6f7a8b9c0d1e2f3a4b5c6d7e8f9a"
"2026-08-10T10:00:00Z","Joseph Jones","joseph.jones58@example.com","mn1iop68ubigmiu0xu5mvxmw78e7mdiqht7txfyr0p596qensg3i47t7c8b3a","5 Stars","Glassmorphism UI","Typography and spacing","None","10","Awesome interface; sleek cyber styling and responsive cards.","Improve tailwind typography classes","0463b88","1e2f3a4b5c6d7e8f9a0b1c2d3e4f5a6b7c8d9e0f1a2b3c4d5e6f7a8b9c0d1e2f"
"2026-08-11T10:00:00Z","Michael Rodriguez","michael.rodriguez59@example.com","mn1am4hwucykcjtmsp8qwfj4x9fy0ppx6ud2cbncy7qvuw6kz5zc0crpqx20s","5 Stars","MEV Protection","UI crash boundary","None","10","Good project; robust error boundaries ensure stability during high load.","Enhance error boundary for UI crashes","3d0828f","4b5c6d7e8f9a0b1c2d3e4f5a6b7c8d9e0f1a2b3c4d5e6f7a8b9c0d1e2f3a4b5c"
"2026-08-11T10:00:00Z","David Brown","david.brown60@example.com","mn1zsvepsil8qpg0snucoi5ztszhywlf8l30k52oncbkyreinxey85gdjscai","5 Stars","Shielded Swaps","Mobile layout responsiveness","None","10","Smooth transactions; mobile responsiveness makes trading on phone a breeze.","Fix layout issue on mobile devices","57932bc","7e8f9a0b1c2d3e4f5a6b7c8d9e0f1a2b3c4d5e6f7a8b9c0d1e2f3a4b5c6d7e8f"
"2026-08-12T10:00:00Z","Charles Rodriguez","charles.rodriguez61@example.com","mn1fvkcjeqaw5at5v502tizg9jszh9cl8wbjplb07hkqtelr4gx0icmxjqy3o","5 Stars","Blurred Depth Chart","Unit test coverage","None","10","Smooth transactions; automated unit tests give high confidence in circuits.","Add unit tests for darkpool logic","5915edd","0a1b2c3d4e5f6a7b8c9d0e1f2a3b4c5d6e7f8a9b0c1d2e3f4a5b6c7d8e9f0a1b"
"2026-08-12T10:00:00Z","David Smith","david.smith62@example.com","mn1o36fllcgji77v1se7sq9p2bgp3a7kyocwmcyanyvb1otkppnnr0pfgc2wo","5 Stars","Shielded Limit Orders","Trade export CSV","None","10","Requested CSV export for tracking executed trade statistics.","Add trade history CSV export","06731ce","3d4e5f6a7b8c9d0e1f2a3b4c5d6e7f8a9b0c1d2e3f4a5b6c7d8e9f0a1b2c3d4e"
"2026-08-13T10:00:00Z","Michael Brown","michael.brown63@example.com","mn1pe5m88qqe8vays5yh5r6ai1y7mqkxgxoog84gaigs2nzd1o3h6hrn5808l","5 Stars","Zero MEV Front-running","Mobile view tuning","None","10","Good project; mobile viewport layout updates look crisp.","Fix layout issue on mobile devices","57932bc","6a7b8c9d0e1f2a3b4c5d6e7f8a9b0c1d2e3f4a5b6c7d8e9f0a1b2c3d4e5f6a7b"
"2026-08-13T10:00:00Z","David Martinez","david.martinez64@example.com","mn1n9k6og8rdz5mkc844o3vfelt4epvgowuv4omvahgfh5c5uksuu9jfte2c7","5 Stars","Zero-Knowledge Circuit Verifier","Circuit test suite","None","10","Darkpool circuit unit tests verify edge-case order sizes accurately.","Add unit tests for darkpool logic","5915edd","9d0e1f2a3b4c5d6e7f8a9b0c1d2e3f4a5b6c7d8e9f0a1b2c3d4e5f6a7b8c9d0e"
"2026-08-14T10:00:00Z","William Rodriguez","william.rodriguez65@example.com","mn1ga0nwr8sb77ljlrnmm4c7b0a1rh4j7zxl6by031idp72b93pt8yutx5fq9","5 Stars","Dark Mode UI","Color contrast polish","None","10","High-contrast dark mode palette looks ultra modern.","Enhance dark mode color palette","41aa763","2f3a4b5c6d7e8f9a0b1c2d3e4f5a6b7c8d9e0f1a2b3c4d5e6f7a8b9c0d1e2f3a"
"2026-08-14T10:00:00Z","James Davis","james.davis66@example.com","mn162autqcw4zp1u96d16i1vfbbwhh5wqp5grt81jlq5zl85gzevzjs5scwhj","5 Stars","Shielded Balances","Circuit test simulations","None","10","Unit tests validate zero slippage math under stressed conditions.","Add unit tests for darkpool logic","5915edd","5c6d7e8f9a0b1c2d3e4f5a6b7c8d9e0f1a2b3c4d5e6f7a8b9c0d1e2f3a4b5c6d"
"2026-08-15T10:00:00Z","Michael Brown","michael.brown67@example.com","mn1c2v8cw7uv1et6i0ukeg3g7d0o5klxj2s1nowkgx1lsp2y51a34y14uhuzl","5 Stars","Institutional Privacy","Accessibility labels","None","10","Good project; input accessibility improvements work well with screen readers.","Add accessibility tags to input fields","44eb9cb","8f9a0b1c2d3e4f5a6b7c8d9e0f1a2b3c4d5e6f7a8b9c0d1e2f3a4b5c6d7e8f9a"
"2026-08-15T10:00:00Z","James Brown","james.brown68@example.com","mn1taeg4201hoyw8ojvrtqjc9b7ahrua4ax08qcmnqykd1uqkgtbxlzy9wyq0","5 Stars","Blurred Liquidity Depth","CSV trade export","None","10","CSV trade exporter allows seamless tracking of dark pool orders.","Add trade history CSV export","06731ce","1e2f3a4b5c6d7e8f9a0b1c2d3e4f5a6b7c8d9e0f1a2b3c4d5e6f7a8b9c0d1e2f"
"2026-08-15T10:00:00Z","Robert Miller","robert.miller69@example.com","mn1pult19472a6qabaojipyepij8h9p00colzr86dkqpz86xr786011xheowg","5 Stars","Glassmorphism UI","Mobile layout scaling","None","10","Mobile styling fixes make chart navigation super fluid.","Fix layout issue on mobile devices","57932bc","4b5c6d7e8f9a0b1c2d3e4f5a6b7c8d9e0f1a2b3c4d5e6f7a8b9c0d1e2f3a4b5c"
"2026-08-16T10:00:00Z","Richard Smith","richard.smith70@example.com","mn14ms0tbpnv7oj8ukccyblyyd4bdyt4pcviqqun6z3ihfplonoxr95vn05fa","5 Stars","Front-running Resistance","Concurrency bug fix","None","10","Loved the privacy; matching engine concurrency fix resolved edge cases.","Fix race condition in dark pool matching","93539e7","7e8f9a0b1c2d3e4f5a6b7c8d9e0f1a2b3c4d5e6f7a8b9c0d1e2f3a4b5c6d7e8f"
"2026-08-16T10:00:00Z","Charles Rodriguez","charles.rodriguez71@example.com","mn173b0bd2d2186d116fc81ba9b82cc3661e8c626e5b29f2d800cba98f","5 Stars","Zero MEV Slippage","Gas optimization on contracts","None","10","Smart contract deployment optimization reduced gas fees significantly.","Optimize smart contract deployment gas","61b9288","0a1b2c3d4e5f6a7b8c9d0e1f2a3b4c5d6e7f8a9b0c1d2e3f4a5b6c7d8e9f0a1b"
"2026-08-16T10:00:00Z","James Johnson","james.johnson72@example.com","mn17f1ff37c5cec03710fc8d5803ab0242eae9bf7fdbed0acf2b5b41f8","5 Stars","Shielded Orders","ZK circuit verifier speed","None","10","ZK circuit verifier optimization improved latency across all browsers.","Improve ZK circuit verifier performance","b84d9c8","3d4e5f6a7b8c9d0e1f2a3b4c5d6e7f8a9b0c1d2e3f4a5b6c7d8e9f0a1b2c3d4e"
"2026-08-17T10:00:00Z","Michael Jones","michael.jones73@example.com","mn1f0354fc5e2270c17b41a1378fea9c7585f46bf1281071c26f8c7af6","5 Stars","Blurred Depth Chart","Retry dropped txs","None","10","Transaction retry mechanism handles transient RPC drops smoothly.","Implement retry mechanism for tx submission","f64363c","6a7b8c9d0e1f2a3b4c5d6e7f8a9b0c1d2e3f4a5b6c7d8e9f0a1b2c3d4e5f6a7b"
"2026-08-17T10:00:00Z","Richard Brown","richard.brown74@example.com","mn1e1cf056516b26ca0202bf648dfc2b9a00c4ccf58852a1f80e32c574","5 Stars","Hidden Limit Orders","Fast orderbook parser","None","10","Great UX; parsed orderbook feeds update cleanly with zero stutter.","Refactor order book parsing logic","0f3d415","9d0e1f2a3b4c5d6e7f8a9b0c1d2e3f4a5b6c7d8e9f0a1b2c3d4e5f6a7b8c9d0e"
"2026-08-17T10:00:00Z","Thomas Jones","thomas.jones75@example.com","mn13365735e9f82210b5663f773ecb6531e1f5c1fefa83da5045fc27ff","5 Stars","Institutional Privacy","Accessibility labels","None","10","Form inputs accessibility enhancements make keyboard navigation rapid.","Add accessibility tags to input fields","44eb9cb","2f3a4b5c6d7e8f9a0b1c2d3e4f5a6b7c8d9e0f1a2b3c4d5e6f7a8b9c0d1e2f3a"